label,text
spam,"Win a free lottery ticket now!"
ham,"Hey, are we still on for lunch today?"
spam,"Exclusive offer! Click here to claim your reward"
ham,"Can you send me the document by tonight?"
spam,"You’ve been selected for a cash prize"
ham,"Reminder: project meeting at 9 AM tomorrow"
spam,"Act now to get a free gift card"
ham,"Don’t forget to pick up groceries on your way home"
spam,"Congratulations, you won $5000 cash"
ham,"Happy birthday! Let’s celebrate this weekend"
spam,"Lowest price guaranteed! Buy today"
ham,"Your subscription is confirmed and active"
spam,"Hurry up! Limited time free offer"
ham,"I finished the report. Check the attachment."
spam,"You have won free tickets to the concert"
ham,"It was great meeting you yesterday"
spam,"Claim your free vacation now"
ham,"Are we still doing the team dinner tonight?"
spam,"Get a free sample when you sign up today"
ham,"Your order has been shipped and is on the way"
spam,"Big discounts on all our products today"
ham,"Let’s discuss the budget over call"
spam,"Free access to premium content"
ham,"See you at the conference next week"
spam,"Important: Update your account information"
ham,"Thanks for your feedback, it helps a lot"
spam,"Win big cash prizes, enter now"
ham,"Can we reschedule the meeting to Thursday?"
spam,"Free consultation available for a short time"
ham,"Good luck on your exam tomorrow"
spam,"Click now! Don’t miss this special offer"
ham,"Please review and approve the attached invoice"
spam,"Get free coupons for your favorite brands"
ham,"Let me know if you need any help"
spam,"Special cashback offer available today"
ham,"Looking forward to our trip next month"
spam,"This is not spam, just a test message"
ham,"Thanks! I’ll get back to you soon"
spam,"Be a winner, claim your gift instantly"
ham,"Can you join the call at 10?"
spam,"You are selected for a free shopping spree"
ham,"Let’s catch up over coffee"
spam,"Lowest rates on loans available now"
ham,"Happy holidays and best wishes"
spam,"Free bonus points for every purchase"
ham,"Thank you for your email"
spam,"Your account might be compromised, verify now"
ham,"I’ll see you at the gym later"
spam,"Claim your discount before it expires"
ham,"Great job on the presentation!"
spam,"Limited offer: free membership access"
ham,"Are you coming to the party tonight?"